mpid,category,
mp-30274,2D,
mp-29607,2D,
mp-559071,2D,
mp-690687,2D,
mp-667327,2D,
mp-676121,2D,
mp-29849,2D,
mp-570340,2D,
mp-569126,2D,
mp-28965,2D,
mp-556094,2D,
mp-756342,2D,
mp-22993,2D,
mp-2284,2D,
mp-779664,2D,
mp-567809,2D,
mp-27384,2D,
mp-25081,2D,
mp-8196,2D,
mp-8200,2D,
mp-560923,2D,
mp-559470,2D,
mp-17588,2D,
mp-14653,2D,
mp-627601,2D,
mp-559562,2D,
mp-28586,2D,
mp-27540,2D,
mp-28361,2D,
mp-757796,2D,
mp-541152,2D,
mp-707135,2D,
mp-29502,2D,
mp-9254,2D,
mp-25469,2D,
mp-27863,2D,
mp-699431,2D,
mp-625056,2D,
mp-721876,2D,
mp-27393,2D,
mp-31220,2D,
mp-11,2D,
mp-1581,2D,
mp-505368,2D,
mp-31107,2D,
mp-707231,2D,
mp-641,2D,
mp-909,2D,
mp-27230,2D,
mp-27404,2D,
mp-626378,2D,
mp-27356,2D,
mp-8140,2D,
mp-28095,2D,
mp-559824,2D,
mp-17407,2D,
mp-505366,2D,
mp-27725,2D,
mp-2793,2D,
mp-560549,2D,
mp-30003,2D,
mp-572670,2D,
mp-768235,2D,
mp-685613,2D,
mp-754008,2D,
mp-21032,2D,
mp-11078,2D,
mp-778080,2D,
mp-722202,2D,
mp-23152,2D,
mp-679989,2D,
mp-569822,2D,
mp-557619,2D,
mp-629690,2D,
mp-28975,2D,
mp-570930,2D,
mp-675543,2D,
mp-570197,2D,
mp-569581,2D,
mp-541837,2D,
mp-29839,2D,
mp-29666,2D,
mp-566831,2D,
mp-34202,2D,
mp-676250,2D,
mp-569044,2D,
mp-23435,2D,
mp-23334,2D,
mp-31406,2D,
mp-23549,2D,
mp-759405,2D,
mp-581990,2D,
mp-542615,2D,
mp-753699,2D,
mp-27607,2D,
mp-28229,2D,
mp-23005,2D,
mp-680214,2D,
mp-580062,2D,
mp-541774,2D,
mp-752602,2D,
mp-22849,2D,
mp-759883,2D,
mp-581609,2D,
mp-755382,2D,
mp-27902,2D,
mp-23224,2D,
mp-33723,2D,
mp-28944,2D,
mp-22965,2D,
mp-559332,2D,
mp-984,2D,
mp-755829,2D,
mp-568286,2D,
mp-625548,2D,
mp-27640,2D,
mp-558759,2D,
mp-559282,2D,
mp-550553,2D,
mp-561079,2D,
mp-27934,2D,
mp-22881,2D,
mp-756998,2D,
mp-697264,2D,
mp-722862,2D,
mp-722381,2D,
mp-644222,2D,
mp-569454,2D,
mp-582042,2D,
mp-630773,2D,
mp-24316,2D,
mp-24407,2D,
mp-5328,2D,
mp-707538,2D,
mp-567556,2D,
mp-559588,2D,
mp-557049,2D,
mp-565932,2D,
mp-574262,2D,
mp-610469,2D,
mp-754112,2D,
mp-505610,2D,
mp-680417,2D,
mp-29535,2D,
mp-651900,2D,
mp-571571,2D,
mp-31621,2D,
mp-625953,2D,
mp-774228,2D,
mp-31516,2D,
mp-761554,2D,
mp-782822,2D,
mp-868389,2D,
mp-687088,2D,
mp-561643,2D,
mp-697827,2D,
mp-765936,2D,
mp-765847,2D,
mp-765848,2D,
mp-771662,2D,
mp-773511,2D,
mp-761557,2D,
mp-698579,2D,
mp-687152,2D,
mp-608243,2D,
mp-554833,2D,
mp-616079,2D,
mp-557739,2D,
mp-30033,2D,
mp-23240,2D,
mp-743970,2D,
mp-541780,2D,
mp-744574,2D,
mp-569610,2D,
mp-715480,2D,
mp-25477,2D,
mp-745087,2D,
mp-743618,2D,
mp-676437,2D,
mp-561493,2D,
mp-604908,2D,
mp-560750,2D,
mp-771247,2D,
mp-765852,2D,
mp-705019,2D,
mp-695952,2D,
mp-557959,2D,
mp-570122,2D,
mp-557592,2D,
mp-773333,2D,
mp-27734,2D,
mp-31725,2D,
mp-569890,2D,
mp-24905,2D,
mp-765865,2D,
mp-773306,2D,
mp-572465,2D,
mp-554340,2D,
mp-541449,2D,
mp-24927,2D,
mp-567687,2D,
mp-764219,2D,
mp-768680,2D,
mp-24901,2D,
mp-770751,2D,
mp-542096,2D,
mp-755263,2D,
mp-22998,2D,
mp-3779,2D,
mp-685055,2D,
mp-540922,2D,
mp-557359,2D,
mp-504601,2D,
mp-769228,2D,
mp-553310,2D,
mp-556582,2D,
mp-684621,2D,
mp-685158,2D,
mp-560845,2D,
mp-652196,2D,
mp-680461,2D,
mp-559094,2D,
mp-766274,2D,
mp-28491,2D,
mp-8976,2D,
mp-721072,2D,
mp-680135,2D,
mp-628637,2D,
mp-669425,2D,
mp-572778,2D,
mp-557136,2D,
mp-572313,2D,
mp-2977,2D,
mp-683998,2D,
mp-542302,2D,
mp-554238,2D,
mp-23116,2D,
mp-22917,2D,
mp-21344,2D,
mp-24164,2D,
mp-756758,2D,
mp-733650,2D,
mp-643743,2D,
mp-569687,2D,
mp-24242,2D,
mp-570136,2D,
mp-927,2D,
mp-571015,2D,
mp-559587,2D,
mp-554291,2D,
mp-580226,2D,
mp-29567,2D,
mp-31038,2D,
mp-20826,2D,
mp-31036,2D,
mp-30971,2D,
mp-31037,2D,
mp-568778,2D,
mp-755455,2D,
mp-753975,2D,
mp-12574,2D,
mp-850292,2D,
mp-864888,2D,
mp-555940,2D,
mp-28448,2D,
mp-28928,2D,
mp-28929,2D,
mp-755194,2D,
mp-766250,2D,
mp-559304,2D,
mp-571258,2D,
mp-13384,2D,
mp-755689,2D,
mp-30196,2D,
mp-24640,2D,
mp-24051,2D,
mp-27616,2D,
mp-28458,2D,
mp-30022,2D,
mp-754760,2D,
mp-504727,2D,
mp-600622,2D,
mp-643756,2D,
mp-769642,2D,
mp-761530,2D,
mp-626680,2D,
mp-540145,2D,
mp-763673,2D,
mp-769678,2D,
mp-778275,2D,
mp-742859,2D,
mp-850083,2D,
mp-559585,2D,
mp-22880,2D,
mp-23232,2D,
mp-23229,2D,
mp-583463,2D,
mp-552787,2D,
mp-765922,2D,
mp-771994,2D,
mp-771048,2D,
mp-744930,2D,
mp-626102,2D,
mp-571122,2D,
mp-24968,2D,
mp-863847,2D,
mp-765183,2D,
mp-743779,2D,
mp-746690,2D,
mp-27164,2D,
mp-601661,2D,
mp-505531,2D,
mp-20311,2D,
mp-21273,2D,
mp-565201,2D,
mp-10021,2D,
mp-20793,2D,
mp-6959,2D,
mp-654129,2D,
mp-8211,2D,
mp-643759,2D,
mp-867675,2D,
mp-30979,2D,
mp-2507,2D,
mp-1943,2D,
mp-542812,2D,
mp-27449,2D,
mp-618813,2D,
mp-29394,2D,
mp-865078,2D,
mp-27182,2D,
mp-29797,2D,
mp-28755,2D,
mp-559733,2D,
mp-754149,2D,
mp-556135,2D,
mp-27948,2D,
mp-560370,2D,
mp-14790,2D,
mp-3534,2D,
mp-14791,2D,
mp-540687,2D,
mp-541312,2D,
mp-29218,2D,
mp-17708,2D,
mp-680333,2D,
mp-568730,2D,
mp-28487,2D,
mp-27342,2D,
mp-9548,2D,
mp-17524,2D,
mp-29249,2D,
mp-29644,2D,
mp-624190,2D,
mp-2242,2D,
mp-572892,2D,
mp-29641,2D,
mp-700,2D,
mp-540625,2D,
mp-938,2D,
mp-8645,2D,
mp-32543,2D,
mp-687090,2D,
mp-28919,2D,
mp-568346,2D,
mp-28220,2D,
mp-567817,2D,
mp-567441,2D,
mp-541911,2D,
mp-9922,2D,
mp-15622,2D,
mp-13962,2D,
mp-13963,2D,
mp-776083,2D,
mp-32887,2D,
mp-1168,2D,
mp-554921,2D,
mp-761037,2D,
mp-542596,2D,
mp-28874,2D,
mp-29679,2D,
mp-555074,2D,
mp-559355,2D,
mp-567949,2D,
mp-570084,2D,
mp-554950,2D,
mp-558456,2D,
mp-29097,2D,
mp-29102,2D,
mp-571558,2D,
mp-706,2D,
mp-23192,2D,
mp-557250,2D,
mp-546862,2D,
mp-27178,2D,
mp-7293,2D,
mp-559509,2D,
mp-556903,2D,
mp-1640,2D,
mp-5572,2D,
mp-755565,2D,
mp-753173,2D,
mp-23261,2D,
mp-23559,2D,
mp-27753,2D,
mp-686581,2D,
mp-556231,2D,
mp-560314,2D,
mp-582549,2D,
mp-676518,2D,
mp-541885,2D,
mp-27195,2D,
mp-22661,2D,
mp-20902,2D,
mp-23313,2D,
mp-571169,2D,
mp-570219,2D,
mp-27703,2D,
mp-27702,2D,
mp-22449,2D,
mp-19885,2D,
mp-733932,2D,
mp-606312,2D,
mp-559864,2D,
mp-556541,2D,
mp-570321,2D,
mp-22691,2D,
mp-567931,2D,
mp-29236,2D,
mp-504630,2D,
mp-557992,2D,
mp-29234,2D,
mp-510727,2D,
mp-23315,2D,
mp-27397,2D,
mp-27666,2D,
mp-540584,2D,
mp-769262,2D,
mp-3982,2D,
mp-557183,2D,
mp-753380,2D,
mp-31321,2D,
mp-772193,2D,
mp-753524,2D,
mp-28571,2D,
mp-570597,2D,
mp-30282,2D,
mp-570988,2D,
mp-571647,2D,
mp-559088,2D,
mp-543029,2D,
mp-569873,2D,
mp-569637,2D,
mp-29070,2D,
mp-27679,2D,
mp-28572,2D,
mp-23023,2D,
mp-568574,2D,
mp-696944,2D,
mp-23194,2D,
mp-27979,2D,
mp-30993,2D,
mp-756578,2D,
mp-684706,2D,
mp-697701,2D,
mp-680334,2D,
mp-4034,2D,
mp-636654,2D,
mp-565839,2D,
mp-7060,2D,
mp-762388,2D,
mp-761662,2D,
mp-675589,2D,
mp-19308,2D,
mp-28628,2D,
mp-27417,2D,
mp-780226,2D,
mp-779850,2D,
mp-850116,2D,
mp-22716,2D,
mp-684059,2D,
mp-781622,2D,
mp-573376,2D,
mp-557829,2D,
mp-23896,2D,
mp-30287,2D,
mp-27246,2D,
mp-16755,2D,
mp-9479,2D,
mp-30247,2D,
mp-770718,2D,
mp-754311,2D,
mp-30244,2D,
mp-770063,2D,
mp-721158,2D,
mp-867724,2D,
mp-12693,2D,
mp-755856,2D,
mp-30243,2D,
mp-30245,2D,
mp-697180,2D,
mp-30739,2D,
mp-766572,2D,
mp-24097,2D,
mp-696497,2D,
mp-30242,2D,
mp-30241,2D,
mp-697921,2D,
mp-570849,2D,
mp-554686,2D,
mp-30034,2D,
mp-23210,2D,
mp-754645,2D,
mp-698365,2D,
mp-864887,2D,
mp-556127,2D,
mp-23734,2D,
mp-768036,2D,
mp-763057,2D,
mp-25546,2D,
mp-771591,2D,
mp-850470,2D,
mp-627380,2D,
mp-761501,2D,
mp-767158,2D,
mp-765268,2D,
mp-775033,2D,
mp-25569,2D,
mp-764303,2D,
mp-770535,2D,
mp-743571,2D,
mp-706469,2D,
mp-697730,2D,
mp-773614,2D,
mp-772359,2D,
mp-773365,2D,
mp-771841,2D,
mp-765332,2D,
mp-763854,2D,
mp-776354,2D,
mp-774019,2D,
mp-771844,2D,
mp-776755,2D,
mp-771458,2D,
mp-773237,2D,
mp-773300,2D,
mp-773303,2D,
mp-766870,2D,
mp-767122,2D,
mp-771938,2D,
mp-557805,2D,
mp-558130,2D,
mp-28306,2D,
mp-28233,2D,
mp-768069,2D,
mp-771464,2D,
mp-771797,2D,
mp-769958,2D,
mp-767862,2D,
mp-765939,2D,
mp-765921,2D,
mp-635322,2D,
mp-765484,2D,
mp-28013,2D,
mp-34134,2D,
mp-764258,2D,
mp-745106,2D,
mp-769839,2D,
mp-571193,2D,
mp-743541,2D,
mp-8613,2D,
mp-8695,2D,
mp-555052,2D,
mp-771676,2D,
mp-554061,2D,
mp-555844,2D,
mp-567478,2D,
mp-570268,2D,
mp-604910,2D,
mp-19090,2D,
mp-773462,2D,
mp-504210,2D,
mp-626138,2D,
mp-28037,2D,
mp-640818,2D,
mp-505127,2D,
mp-29555,2D,
mp-620029,2D,
mp-22853,2D,
mp-510584,2D,
mp-697734,2D,
mp-504818,2D,
mp-1434,2D,
mp-1634,2D,
mp-559923,2D,
mp-27362,2D,
mp-541667,2D,
mp-27361,2D,
mp-675380,2D,
mp-674499,2D,
mp-674017,2D,
mp-554930,2D,
mp-4384,2D,
mp-29073,2D,
mp-648932,2D,
mp-29072,2D,
mp-28745,2D,
mp-645592,2D,
mp-27771,2D,
mp-27880,2D,
mp-29950,2D,
mp-28754,2D,
mp-27772,2D,
mp-675367,2D,
mp-675066,2D,
mp-29057,2D,
mp-541158,2D,
mp-505137,2D,
mp-28938,2D,
mp-29689,2D,
mp-624253,2D,
mp-675326,2D,
mp-675290,2D,
mp-550070,2D,
mp-571471,2D,
mp-28019,2D,
mp-1416,2D,
mp-616481,2D,
mp-549720,2D,
mp-557685,2D,
mp-20506,2D,
mp-8999,2D,
mp-753800,2D,
mp-10033,2D,
mp-562100,2D,
mp-2207,2D,
mp-525,2D,
mp-11675,2D,
mp-505088,2D,
mp-505164,2D,
mp-28616,2D,
mp-776661,2D,
mp-31320,2D,
mp-864790,2D,
mp-24445,2D,
mp-676275,2D,
mp-565363,2D,
mp-1119,2D,
mp-27975,2D,
mp-23068,2D,
mp-698317,2D,
mp-28753,2D,
mp-755336,2D,
mp-675342,2D,
mp-676572,2D,
mp-674506,2D,
mp-675152,2D,
mp-4437,2D,
mp-740,2D,
mp-540966,2D,
mp-32403,2D,
mp-779904,2D,
mp-769218,2D,
mp-3250,2D,
mp-704879,2D,
mp-565798,2D,
mp-27637,2D,
mp-27396,2D,
mp-743693,2D,
mp-27638,2D,
mp-35925,2D,
mp-542954,2D,
mp-769108,2D,
mp-676040,2D,
mp-571033,2D,
mp-10264,2D,
mp-2578,2D,
mp-774160,2D,
mp-27986,2D,
mp-567519,2D,
mp-14107,2D,
mp-556939,2D,
mp-864899,2D,
mp-29133,2D,
mp-2173,2D,
mp-542152,2D,
mp-31069,2D,
mp-3006,2D,
mp-687234,2D,
mp-27173,2D,
mp-761353,2D,
mp-761371,2D,
mp-777230,2D,
mp-608461,2D,
mp-862853,2D,
mp-21497,2D,
mp-510293,2D,
mp-559143,2D,
mp-619032,2D,
mp-341,2D,
mp-22883,2D,
mp-19921,2D,
mp-557719,2D,
mp-22009,2D,
mp-630329,2D,
mp-22342,2D,
mp-567437,2D,
mp-27747,2D,
mp-13682,2D,
mp-2418,2D,
mp-545482,2D,
mp-20316,2D,
mp-7280,2D,
mp-3123,2D,
mp-567763,2D,
mp-754632,2D,
mp-23169,2D,
mp-22854,2D,
mp-570498,2D,
mp-756702,2D,
mp-733581,2D,
mp-29254,2D,
mp-30125,2D,
mp-12351,2D,
mp-28319,2D,
mp-7868,2D,
mp-762,2D,
mp-1115,2D,
mp-680500,2D,
mp-27974,2D,
mp-8033,2D,
mp-24478,2D,
mp-7467,2D,
mp-23472,2D,
mp-32311,2D,
mp-29305,2D,
mp-580748,2D,
mp-29499,2D,
mp-23174,2D,
mp-27267,2D,
mp-572758,2D,
mp-541582,2D,
mp-676712,2D,
mp-27871,2D,
mp-27770,2D,
mp-29132,2D,
mp-570997,2D,
mp-649601,2D,
mp-30984,2D,
mp-104,2D,
mp-684426,2D,
mp-684537,2D,
mp-640862,2D,
mp-30109,2D,
mp-27256,2D,
mp-28711,2D,
mp-6997,2D,
mp-3525,2D,
mp-1201,2D,
mp-31507,2D,
mp-8612,2D,
mp-541240,2D,
mp-27700,2D,
mp-772282,2D,
mp-753445,2D,
mp-759743,2D,
mp-649982,2D,
mp-758203,2D,
mp-759873,2D,
mp-642227,2D,
mp-12826,2D,
mp-28109,2D,
mp-7784,2D,
mp-1880,2D,
mp-23281,2D,
mp-561533,2D,
mp-757111,2D,
mp-3439,2D,
mp-7716,2D,
mp-27238,2D,
mp-30002,2D,
mp-685088,2D,
mp-29941,2D,
mp-28479,2D,
mp-504934,2D,
mp-33112,2D,
mp-28480,2D,
mp-685209,2D,
mp-31024,2D,
mp-542449,2D,
mp-31025,2D,
mp-29315,2D,
mp-27513,2D,
mp-8616,2D,
mp-13383,2D,
mp-546279,2D,
mp-27507,2D,
mp-23309,2D,
mp-756748,2D,
mp-24081,2D,
mp-625150,2D,
mp-559760,2D,
mp-6999,2D,
mp-27532,2D,
mp-770811,2D,
mp-674984,2D,
mp-626037,2D,
mp-558672,2D,
mp-769028,2D,
mp-627632,2D,
mp-1863,2D,
mp-16053,2D,
mp-29803,2D,
mp-2798,2D,
mp-9996,2D,
mp-2755,2D,
mp-573109,2D,
mp-557438,2D,
mp-27976,2D,
mp-29327,2D,
mp-781997,2D,
mp-757145,2D,
mp-782002,2D,
mp-754217,2D,
mp-541073,2D,
mp-9399,2D,
mp-38605,2D,
mp-766947,2D,
mp-36381,2D,
mp-27947,2D,
mp-696993,2D,
mp-566527,2D,
mp-673118,2D,
mp-1443,2D,
mp-566092,2D,
mp-2706,2D,
mp-5045,2D,
mp-554096,2D,
mp-27194,2D,
mp-2097,2D,
mp-20815,2D,
mp-690702,2D,
mp-555838,2D,
mp-4252,2D,
mp-570370,2D,
mp-2231,2D,
mp-1170,2D,
mp-554599,2D,
mp-691,2D,
mp-665,2D,
mp-542967,2D,
mp-653697,2D,
mp-28667,2D,
mp-680343,2D,
mp-28375,2D,
mp-7814,2D,
mp-28308,2D,
mp-541070,2D,
mp-541183,2D,
mp-8435,2D,
mp-8436,2D,
mp-14474,2D,
mp-8732,2D,
mp-542634,2D,
mp-28934,2D,
mp-756593,2D,
mp-29412,2D,
mp-23238,2D,
mp-31015,2D,
mp-29116,2D,
mp-505206,2D,
mp-505132,2D,
mp-29117,2D,
mp-677597,2D,
mp-505133,2D,
mp-510426,2D,
mp-28846,2D,
mp-8848,2D,
mp-29027,2D,
mp-9391,2D,
mp-622009,2D,
mp-19810,2D,
mp-8998,2D,
mp-1984,2D,
mp-30527,2D,
mp-500,2D,
mp-29652,2D,
mp-1967,2D,
mp-28691,2D,
mp-17287,2D,
mp-14815,2D,
mp-692,2D,
mp-542222,2D,
mp-31007,2D,
mp-27924,2D,
mp-27923,2D,
mp-23293,2D,
mp-642807,2D,
mp-504474,2D,
mp-555390,2D,
mp-28029,2D,
mp-28026,2D,
mp-9481,2D,
mp-561392,2D,
mp-625526,2D,
mp-2285,2D,
mp-602,2D,
mp-29185,2D,
mp-782,2D,
mp-399,2D,
mp-228,2D,
mp-4906,2D,
mp-22693,2D,
mp-21922,2D,
mp-638749,2D,
mp-9897,2D,
mp-541180,2D,
mp-29320,2D,
mp-27127,2D,
mp-29215,2D,
mp-8628,2D,
mp-27741,2D,
mp-625630,2D,
mp-2125,2D,
mp-558387,2D,
mp-573321,2D,
mp-11693,2D,
mp-22945,2D,
mp-542180,2D,
mp-28066,2D,
mp-27652,2D,
mp-27697,2D,
mp-28067,2D,
mp-540940,2D,
mp-623058,2D,
mp-12527,2D,
mp-622198,2D,
mp-626550,2D,
mp-757480,2D,
mp-28913,2D,
mp-27785,2D,
mp-28214,2D,
mp-27849,2D,
mp-23002,2D,
mp-28116,2D,
mp-569756,2D,
mp-22992,2D,
mp-765864,2D,
mp-771460,2D,
mp-780260,2D,
mp-27848,2D,
mp-775831,2D,
mp-771787,2D,
mp-773280,2D,
mp-33046,2D,
mp-34289,2D,
mp-27850,2D,
mp-753059,2D,
mp-753858,2D,
mp-674350,2D,
mp-20459,2D,
mp-2156,2D,
mp-9920,2D,
mp-2194,2D,
mp-760599,2D,
mp-754246,2D,
mp-1907,2D,
mp-9344,2D,
mp-773510,2D,
mp-557950,2D,
mp-558068,2D,
mp-553909,2D,
mp-558338,2D,
mp-675275,2D,
mp-540818,2D,
mp-551470,2D,
mp-667,2D,
mp-29690,2D,
mp-558279,2D,
mp-568020,2D,
mp-2753,2D,
mp-9622,2D,
mp-13829,2D,
mp-541202,2D,
mp-690725,2D,
mp-541201,2D,
mp-569129,2D,
mp-7038,2D,
mp-9272,2D,
mp-541487,2D,
mp-30058,2D,
mp-9251,2D,
mp-780425,2D,
mp-555236,2D,
mp-13385,2D,
mp-754969,2D,
mp-772295,2D,
mp-29671,2D,
mp-27439,2D,
mp-707273,2D,
mp-31013,2D,
mp-510128,2D,
mp-27980,2D,
mp-31256,2D,
mp-573810,2D,
mp-705486,2D,
mp-28939,2D,
mp-27153,2D,
mp-27762,2D,
mp-27536,2D,
mp-640563,2D,
mp-555173,2D,
mp-27763,2D,
mp-865428,2D,
mp-504922,2D,
mp-12406,2D,
mp-28299,2D,
mp-9429,2D,
mp-27723,2D,
mp-8357,2D,
mp-28500,2D,
mp-3402,2D,
mp-3037,2D,
mp-3516,2D,
mp-556389,2D,
mp-763352,2D,
mp-32433,2D,
mp-868579,2D,
mp-625405,2D,
mp-561475,2D,
mp-569662,2D,
mp-25620,2D,
mp-744747,2D,
mp-620190,2D,
mp-25142,2D,
mp-25146,2D,
mp-558329,2D,
mp-566762,2D,
mp-626872,2D,
mp-849227,2D,
mp-626120,2D,
mp-779199,2D,
mp-559911,2D,
mp-764020,2D,
mp-25720,2D,
mp-6462,2D,
mp-6543,2D,
mp-541267,2D,
mp-640883,2D,
mp-32450,2D,
mp-32497,2D,
mp-22877,2D,
mp-690526,2D,
mp-28117,2D,
mp-25118,2D,
mp-510733,2D,
mp-566253,2D,
mp-554799,2D,
mp-32449,2D,
mp-743869,2D,
mp-761301,2D,
mp-25057,2D,
mp-764315,2D,
mp-764309,2D,
mp-764312,2D,
mp-776707,2D,
mp-566304,2D,
mp-25119,2D,
mp-763482,2D,
mp-32532,2D,
mp-9561,2D,
mp-604914,2D,
mp-694,2D,
mp-19277,2D,
mp-11687,2D,
mp-566857,2D,
mp-774146,2D,
mp-32539,2D,
mp-765254,2D,
mp-680486,2D,
mp-29498,2D,
mp-224,2D,
mp-1821,2D,
mp-579614,2D,
mp-680189,2D,
mp-1334,2D,
mp-27678,2D,
mp-676315,2D,
mp-542271,2D,
mp-28580,2D,
mp-554852,2D,
mp-753727,2D,
mp-23382,2D,
mp-568046,2D,
mp-23440,2D,
mp-554027,2D,
mp-561015,2D,
mp-683904,2D,
mp-570418,2D,
mp-571006,2D,
mp-754815,2D,
mp-754031,2D,
mp-643367,2D,
mp-23062,2D,
mp-540884,2D,
mp-27455,2D,
mp-552120,2D,
mp-550306,2D,
mp-865203,2D,
mp-571210,2D,
mp-24656,2D,
mp-571442,2D,
mp-753712,2D,
mp-29509,2D,
mp-604315,2D,
mp-625487,2D,
mp-674328,2D,
mp-10326,2D,
mp-27656,2D,
mp-560806,2D,
mp-557746,2D,
mp-558350,2D,
mp-557130,2D,
mp-637614,2D,
mp-569960,2D,
mp-567279,2D,
mp-645541,2D,
mp-560161,2D,
mp-680388,2D,
mp-698366,2D,
mp-24591,2D,
mp-690650,2D,
mp-696291,2D,
mp-766515,2D,
mp-1392,2D,
mp-697451,2D,
mp-707311,2D,
mp-766204,2D,
mp-3342,2D,
mp-555214,2D,
mp-567019,2D,
mp-561591,2D,
mp-510456,2D,
mp-642803,2D,
mp-16765,2D,
mp-29357,2D,
mp-28344,2D,
mp-504594,2D,
mp-541912,2D,
mp-707940,2D,
mp-27440,2D,
mp-23162,2D,
mp-569391,2D,
mp-28208,2D,
mp-3208,2D,
mp-13542,2D,
mp-24508,2D,
mp-570506,2D,
mp-23052,2D,
mp-568592,2D,
mp-24030,2D,
mp-29232,2D,
mp-7310,2D,
mp-1186,2D,
mp-9921,2D,
mp-2076,2D,
mp-1683,2D,
mp-4628,2D,
mp-19917,2D,
mp-2089,2D,
mp-605,2D,
mp-570062,2D,
mp-8677,2D,
mp-861867,1D,
mp-703539,1D,
mp-556434,1D,
mp-24053,1D,
mp-769355,1D,
mp-5770,1D,
mp-540759,1D,
mp-605912,1D,
mp-560633,1D,
mp-568443,1D,
mp-541732,1D,
mp-28693,1D,
mp-31268,1D,
mp-643387,1D,
mp-27462,1D,
mp-9579,1D,
mp-28005,1D,
mp-758957,1D,
mp-608653,1D,
mp-561299,1D,
mp-19941,1D,
mp-637982,1D,
mp-505373,1D,
mp-570140,1D,
mp-30159,1D,
mp-942,1D,
mp-27199,1D,
mp-778385,1D,
mp-28661,1D,
mp-21653,1D,
mp-680181,1D,
mp-22856,1D,
mp-30097,1D,
mp-760758,1D,
mp-583234,1D,
mp-759848,1D,
mp-541772,1D,
mp-541771,1D,
mp-583499,1D,
mp-570417,1D,
mp-28149,1D,
mp-568758,1D,
mp-27743,1D,
mp-568388,1D,
mp-753160,1D,
mp-27133,1D,
mp-23324,1D,
mp-23318,1D,
mp-569707,1D,
mp-610491,1D,
mp-23020,1D,
mp-23514,1D,
mp-27724,1D,
mp-28460,1D,
mp-23297,1D,
mp-29526,1D,
mp-753806,1D,
mp-557926,1D,
mp-24509,1D,
mp-697033,1D,
mp-24307,1D,
mp-733848,1D,
mp-23493,1D,
mp-774233,1D,
mp-25475,1D,
mp-25491,1D,
mp-25492,1D,
mp-643913,1D,
mp-743783,1D,
mp-629319,1D,
mp-778446,1D,
mp-780501,1D,
mp-567624,1D,
mp-22857,1D,
mp-704123,1D,
mp-639662,1D,
mp-763306,1D,
mp-566001,1D,
mp-27215,1D,
mp-510421,1D,
mp-7302,1D,
mp-566402,1D,
mp-9130,1D,
mp-15236,1D,
mp-558341,1D,
mp-768223,1D,
mp-867730,1D,
mp-8759,1D,
mp-541385,1D,
mp-541037,1D,
mp-558794,1D,
mp-558199,1D,
mp-23219,1D,
mp-30999,1D,
mp-29279,1D,
mp-774723,1D,
mp-632759,1D,
mp-24362,1D,
mp-707170,1D,
mp-554724,1D,
mp-606617,1D,
mp-3199,1D,
mp-696152,1D,
mp-28714,1D,
mp-864982,1D,
mp-865005,1D,
mp-867891,1D,
mp-866003,1D,
mp-735662,1D,
mp-676241,1D,
mp-504883,1D,
mp-743926,1D,
mp-772432,1D,
mp-540639,1D,
mp-570553,1D,
mp-22369,1D,
mp-580999,1D,
mp-556117,1D,
mp-28608,1D,
mp-30150,1D,
mp-27735,1D,
mp-27218,1D,
mp-29500,1D,
mp-541610,1D,
mp-541785,1D,
mp-556130,1D,
mp-634812,1D,
mp-626865,1D,
mp-625112,1D,
mp-864915,1D,
mp-29422,1D,
mp-568002,1D,
mp-569059,1D,
mp-22147,1D,
mp-8725,1D,
mp-23407,1D,
mp-540925,1D,
mp-27994,1D,
mp-30937,1D,
mp-24294,1D,
mp-634,1D,
mp-605347,1D,
mp-542694,1D,
mp-23963,1D,
mp-676362,1D,
mp-29796,1D,
mp-864662,1D,
mp-864657,1D,
mp-765597,1D,
mp-27639,1D,
mp-567998,1D,
mp-752422,1D,
mp-558330,1D,
mp-616327,1D,
mp-22870,1D,
mp-571555,1D,
mp-862983,1D,
mp-20408,1D,
mp-23202,1D,
mp-754661,1D,
mp-21365,1D,
mp-505357,1D,
mp-20320,1D,
mp-23170,1D,
mp-29946,1D,
mp-27742,1D,
mp-8187,1D,
mp-568896,1D,
mp-756448,1D,
mp-866214,1D,
mp-865324,1D,
mp-757220,1D,
mp-865521,1D,
mp-754005,1D,
mp-768315,1D,
mp-556078,1D,
mp-555121,1D,
mp-24337,1D,
mp-24460,1D,
mp-29483,1D,
mp-554819,1D,
mp-771047,1D,
mp-10412,1D,
mp-765941,1D,
mp-17867,1D,
mp-765253,1D,
mp-566172,1D,
mp-25047,1D,
mp-540676,1D,
mp-25540,1D,
mp-772662,1D,
mp-744256,1D,
mp-25770,1D,
mp-566645,1D,
mp-28912,1D,
mp-569522,1D,
mp-683891,1D,
mp-638590,1D,
mp-626577,1D,
mp-653062,1D,
mp-542135,1D,
mp-680309,1D,
mp-680300,1D,
mp-640341,1D,
mp-23312,1D,
mp-25062,1D,
mp-684560,1D,
mp-743614,1D,
mp-864733,1D,
mp-504575,1D,
mp-11508,1D,
mp-567661,1D,
mp-745159,1D,
mp-27866,1D,
mp-754514,1D,
mp-559817,1D,
mp-556538,1D,
mp-568616,1D,
mp-541093,1D,
mp-758829,1D,
mp-541106,1D,
mp-567731,1D,
mp-571061,1D,
mp-540615,1D,
mp-558408,1D,
mp-654051,1D,
mp-606393,1D,
mp-556422,1D,
mp-31040,1D,
mp-570722,1D,
mp-546285,1D,
mp-570044,1D,
mp-31487,1D,
mp-753785,1D,
mp-27472,1D,
mp-23498,1D,
mp-570270,1D,
mp-541817,1D,
mp-28038,1D,
mp-540924,1D,
mp-28135,1D,
mp-28757,1D,
mp-559792,1D,
mp-864617,1D,
mp-772376,1D,
mp-705569,1D,
mp-770274,1D,
mp-555999,1D,
mp-504781,1D,
mp-28301,1D,
mp-571035,1D,
mp-557705,1D,
mp-28845,1D,
mp-561449,1D,
mp-733929,1D,
mp-540540,1D,
mp-27436,1D,
mp-862851,1D,
mp-23355,1D,
mp-30938,1D,
mp-769016,1D,
mp-22747,1D,
mp-28857,1D,
mp-505284,1D,
mp-619661,1D,
mp-655489,1D,
mp-28077,1D,
mp-22997,1D,
mp-23291,1D,
mp-19727,1D,
mp-2511,1D,
mp-571465,1D,
mp-20526,1D,
mp-21904,1D,
mp-20716,1D,
mp-20507,1D,
mp-623984,1D,
mp-568146,1D,
mp-29469,1D,
mp-649616,1D,
mp-27857,1D,
mp-569008,1D,
mp-569017,1D,
mp-4649,1D,
mp-603254,1D,
mp-862986,1D,
mp-863658,1D,
mp-863695,1D,
mp-560008,1D,
mp-567874,1D,
mp-862800,1D,
mp-28885,1D,
mp-567484,1D,
mp-669496,1D,
mp-553927,1D,
mp-27978,1D,
mp-28364,1D,
mp-756372,1D,
mp-27340,1D,
mp-573815,1D,
mp-568100,1D,
mp-641112,1D,
mp-573051,1D,
mp-622116,1D,
mp-560625,1D,
mp-558576,1D,
mp-23294,1D,
mp-570880,1D,
mp-683982,1D,
mp-555760,1D,
mp-29492,1D,
mp-15046,1D,
mp-556436,1D,
mp-758899,1D,
mp-504814,1D,
mp-2809,1D,
mp-2160,1D,
mp-554764,1D,
mp-759602,1D,
mp-621960,1D,
mp-638022,1D,
mp-29573,1D,
mp-757173,1D,
mp-753233,1D,
mp-27907,1D,
mp-27317,1D,
mp-27308,1D,
mp-556425,1D,
mp-23536,1D,
mp-567264,1D,
mp-7609,1D,
mp-758096,1D,
mp-572597,1D,
mp-22971,1D,
mp-22996,1D,
mp-23041,1D,
mp-769377,1D,
mp-28051,1D,
mp-554896,1D,
mp-572284,1D,
mp-22600,1D,
mp-541102,1D,
mp-504921,1D,
mp-28321,1D,
mp-541175,1D,
mp-29579,1D,
mp-24215,1D,
mp-24741,1D,
mp-14,1D,
mp-27358,1D,
mp-861891,1D,
mp-861871,1D,
mp-726,1D,
mp-504564,1D,
mp-29174,1D,
mp-703531,1D,
mp-1602,1D,
mp-568264,1D,
mp-867875,1D,
mp-867893,1D,
mp-542769,1D,
mp-27480,1D,
mp-1509,1D,
mp-17835,1D,
mp-753246,1D,
mp-684021,1D,
mp-674324,1D,
mp-29862,1D,
mp-569152,1D,
mp-27373,1D,
mp-643902,1D,
mp-571146,1D,
mp-3245,1D,
mp-13923,1D,
mp-8781,1D,
mp-645740,1D,
mp-561397,1D,
mp-28683,1D,
mp-541094,1D,
mp-28964,1D,
mp-28509,1D,
mp-680836,1D,
mp-29465,1D,
mp-557163,1D,
mp-12027,1D,
mp-29844,1D,
mp-867247,1D,
mp-867231,1D,
mp-867360,1D,
mp-570480,1D,
mp-27780,1D,
mp-867369,1D,
mp-28804,1D,
mp-555059,1D,
mp-19,1D,
mp-27648,1D,
mp-27655,1D,
mp-484,1D,
mp-27628,1D,
mp-566902,1D,
mp-29190,1D,
mp-29251,1D,
mp-541032,1D,
mp-867355,1D,
mp-561664,1D,
mp-759866,1D,
mp-569766,1D,
mp-862773,1D,
mp-29178,1D,
mp-14249,1D,
mp-541826,1D,
mp-570951,1D,
mp-16977,1D,
mp-582657,1D,
mp-571143,1D,
mp-28974,1D,
mp-574169,1D,
mp-23264,1D,
mp-541013,1D,
mp-570443,1D,
mp-685385,1D,
mp-28954,1D,
mp-543028,1D,
mp-686102,1D,
mp-675519,1D,
mp-614491,1D,
mp-32479,1D,
mp-23408,1D,
mp-27684,1D,
mp-720,1D,
mp-9580,1D,
mp-3785,1D,
mp-22232,1D,
mp-322,1D,
mp-567318,1D,
mp-865301,1D,
mp-865353,1D,
mp-20326,1D,
mp-768283,1D,
mp-1852,1D,
mp-23244,1D,
mp-655360,1D,
mp-703352,1D,
mp-561241,1D,
mp-866812,1D,
mp-542131,1D,
mp-560464,1D,
mp-765500,1D,
mp-648414,1D,
mp-28256,1D,
mp-770164,1D,
mp-764115,1D,
mp-865473,1D,
mp-765216,1D,
mp-558797,1D,
mp-865493,1D,
mp-764232,1D,
mp-764274,1D,
mp-8251,1D,
mp-541155,1D,
mp-19243,1D,
mp-768093,1D,
mp-570568,1D,
mp-765097,1D,
mp-565978,1D,
mp-32535,1D,
mp-765135,1D,
mp-570857,1D,
mp-9847,1D,
mp-865605,1D,
mp-625272,1D,
mp-695793,1D,
mp-24714,1D,
mp-757256,1D,
mp-632706,1D,
mp-766269,1D,
mp-8203,1D,
mp-23247,1D,
mp-22871,1D,
mp-569175,1D,
mp-720299,1D,
mp-570188,1D,
mp-571235,1D,
mp-541593,1D,
mp-20244,1D,
mp-29018,1D,
mp-17324,1D,
mp-667327,Heterostructure,
mp-559470,Heterostructure,
mp-626094,Heterostructure,
mp-778080,Heterostructure,
mp-569044,Heterostructure,
mp-23435,Heterostructure,
mp-542615,Heterostructure,
mp-27607,Heterostructure,
mp-28229,Heterostructure,
mp-23005,Heterostructure,
mp-680214,Heterostructure,
mp-580062,Heterostructure,
mp-753673,Heterostructure,
mp-27902,Heterostructure,
mp-23224,Heterostructure,
mp-558759,Heterostructure,
mp-771662,Heterostructure,
mp-773511,Heterostructure,
mp-761557,Heterostructure,
mp-773306,Heterostructure,
mp-557359,Heterostructure,
mp-684621,Heterostructure,
mp-685158,Heterostructure,
mp-680461,Heterostructure,
mp-680135,Heterostructure,
mp-23116,Heterostructure,
mp-771994,Heterostructure,
mp-771048,Heterostructure,
mp-3534,Heterostructure,
mp-540687,Heterostructure,
mp-29644,Heterostructure,
mp-29641,Heterostructure,
mp-8645,Heterostructure,
mp-542596,Heterostructure,
mp-636654,Heterostructure,
mp-7060,Heterostructure,
mp-30245,Heterostructure,
mp-697921,Heterostructure,
mp-771458,Heterostructure,
mp-773237,Heterostructure,
mp-773300,Heterostructure,
mp-773303,Heterostructure,
mp-767122,Heterostructure,
mp-771938,Heterostructure,
mp-768069,Heterostructure,
mp-771464,Heterostructure,
mp-675380,Heterostructure,
mp-674499,Heterostructure,
mp-674017,Heterostructure,
mp-645592,Heterostructure,
mp-676275,Heterostructure,
mp-675152,Heterostructure,
mp-640862,Heterostructure,
mp-6997,Heterostructure,
mp-12826,Heterostructure,
mp-7716,Heterostructure,
mp-685209,Heterostructure,
mp-557438,Heterostructure,
mp-20815,Heterostructure,
mp-541180,Heterostructure,
mp-8628,Heterostructure,
mp-622198,Heterostructure,
mp-771460,Heterostructure,
mp-773280,Heterostructure,
mp-550469,Heterostructure,
mp-675275,Heterostructure,
mp-779199,Heterostructure,
mp-550306,Heterostructure,
mp-21409,Heterostructure,
mp-541732,Heterostructure,
mp-9579,Heterostructure,
mp-680181,Heterostructure,
mp-30097,Heterostructure,
mp-867730,Heterostructure,
mp-8759,Heterostructure,
mp-541385,Heterostructure,
mp-556117,Heterostructure,
mp-20408,Heterostructure,
mp-20320,Heterostructure,
mp-638590,Heterostructure,
mp-756372,Heterostructure,
mp-621960,Heterostructure,
mp-638022,Heterostructure,
mp-753233,Heterostructure,
mp-27907,Heterostructure,
mp-684021,Heterostructure,
mp-566902,Heterostructure,
mp-541032,Heterostructure,
mp-570443,Heterostructure,
mp-685385,Heterostructure,
mp-686102,Heterostructure,
mp-675519,Heterostructure,
mp-9580,Heterostructure,
mp-3785,Heterostructure,
mp-22232,Heterostructure,
mp-322,Heterostructure,
mp-542131,Heterostructure,
